{
    "name": "root",
    "gauges": {
        "KartAgent.Policy.Entropy.mean": {
            "value": 1.1900343894958496,
            "min": 1.1900343894958496,
            "max": 1.2035760879516602,
            "count": 5
        },
        "KartAgent.Policy.Entropy.sum": {
            "value": 13280.7841796875,
            "min": 13136.7060546875,
            "max": 15476.169921875,
            "count": 5
        },
        "KartAgent.Environment.EpisodeLength.mean": {
            "value": 215.6,
            "min": 215.6,
            "max": 251.73469387755102,
            "count": 5
        },
        "KartAgent.Environment.EpisodeLength.sum": {
            "value": 11858.0,
            "min": 8179.0,
            "max": 12335.0,
            "count": 5
        },
        "KartAgent.Step.mean": {
            "value": 8375901.0,
            "min": 8327795.0,
            "max": 8375901.0,
            "count": 5
        },
        "KartAgent.Step.sum": {
            "value": 8375901.0,
            "min": 8327795.0,
            "max": 8375901.0,
            "count": 5
        },
        "KartAgent.Policy.ExtrinsicValueEstimate.mean": {
            "value": 0.26545318961143494,
            "min": 0.20570094883441925,
            "max": 0.26545318961143494,
            "count": 5
        },
        "KartAgent.Policy.ExtrinsicValueEstimate.sum": {
            "value": 14.59992504119873,
            "min": 8.817039489746094,
            "max": 14.59992504119873,
            "count": 5
        },
        "KartAgent.Environment.CumulativeReward.mean": {
            "value": 0.7635848663069985,
            "min": 0.5400918503196872,
            "max": 0.7635848663069985,
            "count": 5
        },
        "KartAgent.Environment.CumulativeReward.sum": {
            "value": 41.99716764688492,
            "min": 26.32683354616165,
            "max": 41.99716764688492,
            "count": 5
        },
        "KartAgent.Policy.ExtrinsicReward.mean": {
            "value": 0.7635848663069985,
            "min": 0.5400918503196872,
            "max": 0.7635848663069985,
            "count": 5
        },
        "KartAgent.Policy.ExtrinsicReward.sum": {
            "value": 41.99716764688492,
            "min": 26.32683354616165,
            "max": 41.99716764688492,
            "count": 5
        },
        "KartAgent.IsTraining.mean": {
            "value": 1.0,
            "min": 1.0,
            "max": 1.0,
            "count": 5
        },
        "KartAgent.IsTraining.sum": {
            "value": 1.0,
            "min": 1.0,
            "max": 1.0,
            "count": 5
        },
        "KartAgent.Losses.PolicyLoss.mean": {
            "value": 0.07030579759877655,
            "min": 0.07030579759877655,
            "max": 0.07283938863023649,
            "count": 4
        },
        "KartAgent.Losses.PolicyLoss.sum": {
            "value": 0.07030579759877655,
            "min": 0.07030579759877655,
            "max": 0.07283938863023649,
            "count": 4
        },
        "KartAgent.Losses.ValueLoss.mean": {
            "value": 0.00020180939133718944,
            "min": 0.00020180939133718944,
            "max": 0.0014181865794428935,
            "count": 4
        },
        "KartAgent.Losses.ValueLoss.sum": {
            "value": 0.00020180939133718944,
            "min": 0.00020180939133718944,
            "max": 0.0014181865794428935,
            "count": 4
        },
        "KartAgent.Policy.LearningRate.mean": {
            "value": 0.0002949788788737076,
            "min": 0.0002949788788737076,
            "max": 0.0002950009072663648,
            "count": 4
        },
        "KartAgent.Policy.LearningRate.sum": {
            "value": 0.0002949788788737076,
            "min": 0.0002949788788737076,
            "max": 0.0002950009072663648,
            "count": 4
        },
        "KartAgent.Policy.Epsilon.mean": {
            "value": 0.19832629240000005,
            "min": 0.19832629240000005,
            "max": 0.19833363520000002,
            "count": 4
        },
        "KartAgent.Policy.Epsilon.sum": {
            "value": 0.19832629240000005,
            "min": 0.19832629240000005,
            "max": 0.19833363520000002,
            "count": 4
        },
        "KartAgent.Policy.Beta.mean": {
            "value": 0.00098343029476,
            "min": 0.00098343029476,
            "max": 0.00098350298848,
            "count": 4
        },
        "KartAgent.Policy.Beta.sum": {
            "value": 0.00098343029476,
            "min": 0.00098343029476,
            "max": 0.00098350298848,
            "count": 4
        }
    },
    "metadata": {
        "timer_format_version": "0.1.0",
        "start_time_seconds": "1699669888",
        "python_version": "3.8.18 (default, Sep 11 2023, 13:39:12) [MSC v.1916 64 bit (AMD64)]",
        "command_line_arguments": "\\\\?\\C:\\Users\\super\\anaconda3\\envs\\mlagents\\Scripts\\mlagents-learn Kart Agent.yaml --run-id=MyFirstKartTraining --resume",
        "mlagents_version": "0.28.0",
        "mlagents_envs_version": "0.28.0",
        "communication_protocol_version": "1.5.0",
        "pytorch_version": "1.13.1+cu117",
        "numpy_version": "1.21.2",
        "end_time_seconds": "1699669937"
    },
    "total": 49.2065013,
    "count": 1,
    "self": 0.0049674999999993474,
    "children": {
        "run_training.setup": {
            "total": 0.08587670000000003,
            "count": 1,
            "self": 0.08587670000000003
        },
        "TrainerController.start_learning": {
            "total": 49.1156571,
            "count": 1,
            "self": 0.05528090000007779,
            "children": {
                "TrainerController._reset_env": {
                    "total": 7.5605429,
                    "count": 1,
                    "self": 7.5605429
                },
                "TrainerController.advance": {
                    "total": 41.40184559999992,
                    "count": 2757,
                    "self": 0.021443999999981145,
                    "children": {
                        "env_step": {
                            "total": 41.38040159999994,
                            "count": 2757,
                            "self": 30.052170599999897,
                            "children": {
                                "SubprocessEnvManager._take_step": {
                                    "total": 11.304202600000107,
                                    "count": 2757,
                                    "self": 0.12779050000024128,
                                    "children": {
                                        "TorchPolicy.evaluate": {
                                            "total": 11.176412099999865,
                                            "count": 2554,
                                            "self": 2.1911092999997557,
                                            "children": {
                                                "TorchPolicy.sample_actions": {
                                                    "total": 8.98530280000011,
                                                    "count": 2554,
                                                    "self": 8.98530280000011
                                                }
                                            }
                                        }
                                    }
                                },
                                "workers": {
                                    "total": 0.02402839999994022,
                                    "count": 2756,
                                    "self": 0.0,
                                    "children": {
                                        "worker_root": {
                                            "total": 42.61327390000003,
                                            "count": 2756,
                                            "is_parallel": true,